mean_fit_time,std_fit_time,mean_score_time,std_score_time,param_bootstrap,param_class_weight,param_max_depth,param_max_features,param_min_samples_leaf,param_min_samples_split,param_n_estimators,params,split0_test_score,split1_test_score,split2_test_score,split3_test_score,split4_test_score,mean_test_score,std_test_score,rank_test_score
0.5591323852539063,0.014163608554576398,0.020340394973754884,0.0007551534657758497,True,balanced,10,sqrt,1,2,100,"{'bootstrap': True, 'class_weight': 'balanced', 'max_depth': 10, 'max_features': 'sqrt', 'min_samples_leaf': 1, 'min_samples_split': 2, 'n_estimators': 100}",0.8196186961869618,0.8196187162480519,0.8332572215577543,0.8415751513174585,0.8491733736235,0.8326486317867452,0.011770115937347088,12
1.7047343254089355,0.029865870404613016,0.05603647232055664,0.003838056365155593,True,balanced,10,sqrt,1,2,300,"{'bootstrap': True, 'class_weight': 'balanced', 'max_depth': 10, 'max_features': 'sqrt', 'min_samples_leaf': 1, 'min_samples_split': 2, 'n_estimators': 300}",0.8148903841979596,0.8252763582327571,0.834293791453735,0.8474575042586351,0.8395778249121073,0.8322991726110388,0.011305911177690801,16
0.5548244476318359,0.02033775156195685,0.020681142807006836,0.0015947691900804097,True,balanced,10,sqrt,1,5,100,"{'bootstrap': True, 'class_weight': 'balanced', 'max_depth': 10, 'max_features': 'sqrt', 'min_samples_leaf': 1, 'min_samples_split': 5, 'n_estimators': 100}",0.8190434845524925,0.8235402848755029,0.8345185024102062,0.8456090754231452,0.8379797774355696,0.8321382249393834,0.009660746019866419,17
1.7839192390441894,0.03672009685604931,0.061961793899536134,0.005270855449085776,True,balanced,10,sqrt,1,5,300,"{'bootstrap': True, 'class_weight': 'balanced', 'max_depth': 10, 'max_features': 'sqrt', 'min_samples_leaf': 1, 'min_samples_split': 5, 'n_estimators': 300}",0.8161601910136749,0.8267623500416803,0.8362545757674604,0.8445725055271647,0.8457303076967777,0.8338959860093516,0.011180781463839712,6
0.6148252964019776,0.042071476710813446,0.024209260940551758,0.0026073595469044255,True,balanced,10,sqrt,2,2,100,"{'bootstrap': True, 'class_weight': 'balanced', 'max_depth': 10, 'max_features': 'sqrt', 'min_samples_leaf': 2, 'min_samples_split': 2, 'n_estimators': 100}",0.8095868605744881,0.8206552861440325,0.8353303613497155,0.8475698597368707,0.8427158090478543,0.8311716353705922,0.01411354536663646,23
1.8160086631774903,0.10811475178831643,0.05409407615661621,0.005269758386239468,True,balanced,10,sqrt,2,2,300,"{'bootstrap': True, 'class_weight': 'balanced', 'max_depth': 10, 'max_features': 'sqrt', 'min_samples_leaf': 2, 'min_samples_split': 2, 'n_estimators': 300}",0.8140836408364083,0.8283860679206988,0.8382153600811859,0.8426117212134392,0.8524348432460702,0.8351463266595603,0.013064315673247727,3
0.5804144859313964,0.03252493976051963,0.020149755477905273,0.0009748503970939511,True,balanced,10,sqrt,2,5,100,"{'bootstrap': True, 'class_weight': 'balanced', 'max_depth': 10, 'max_features': 'sqrt', 'min_samples_leaf': 2, 'min_samples_split': 5, 'n_estimators': 100}",0.8220425439548513,0.8227284259359936,0.837291145663441,0.8360298648109891,0.8475753261469623,0.8331334613024474,0.009649001619914261,10
1.7278396129608153,0.13374508075751454,0.0627363681793213,0.012327588730356722,True,balanced,10,sqrt,2,5,300,"{'bootstrap': True, 'class_weight': 'balanced', 'max_depth': 10, 'max_features': 'sqrt', 'min_samples_leaf': 2, 'min_samples_split': 5, 'n_estimators': 300}",0.8191592504160335,0.8200681381609944,0.837291145663441,0.8456090754231452,0.8484978353720545,0.8341250890071337,0.012410124001395524,5
0.49410347938537597,0.03109783412867335,0.022449541091918945,0.0041713074189526035,True,balanced,10,log2,1,2,100,"{'bootstrap': True, 'class_weight': 'balanced', 'max_depth': 10, 'max_features': 'log2', 'min_samples_leaf': 1, 'min_samples_split': 2, 'n_estimators': 100}",0.8141994066999494,0.8207676416222681,0.8200935087528542,0.84838171867638,0.8339192840747305,0.8274723119652364,0.012282801747393267,45
1.6165689468383788,0.19595374445207162,0.06119771003723144,0.007990555235852627,True,balanced,10,log2,1,2,300,"{'bootstrap': True, 'class_weight': 'balanced', 'max_depth': 10, 'max_features': 'log2', 'min_samples_leaf': 1, 'min_samples_split': 2, 'n_estimators': 300}",0.8133926633383981,0.8197310717262876,0.8248269363198144,0.8416875067956942,0.8339192840747305,0.826711492450985,0.010058849834646904,50
0.529126787185669,0.05558765512159893,0.02373342514038086,0.006070583628236935,True,balanced,10,log2,1,5,100,"{'bootstrap': True, 'class_weight': 'balanced', 'max_depth': 10, 'max_features': 'log2', 'min_samples_leaf': 1, 'min_samples_split': 5, 'n_estimators': 100}",0.8170827002387671,0.8152223551157987,0.8317458591569715,0.8409880033344206,0.8360112734985617,0.8282100382689039,0.01028722758568992,41
1.5475579738616942,0.1523846941979603,0.0792811393737793,0.027890931602137,True,balanced,10,log2,1,5,300,"{'bootstrap': True, 'class_weight': 'balanced', 'max_depth': 10, 'max_features': 'log2', 'min_samples_leaf': 1, 'min_samples_split': 5, 'n_estimators': 300}",0.8171984661023081,0.82861077887717,0.8335942879924614,0.8379906491247145,0.8446843129848622,0.8324156990163033,0.009263148754278722,14
0.5157125949859619,0.06065314521780426,0.023752498626708984,0.0035666363344775023,True,balanced,10,log2,2,2,100,"{'bootstrap': True, 'class_weight': 'balanced', 'max_depth': 10, 'max_features': 'log2', 'min_samples_leaf': 2, 'min_samples_split': 2, 'n_estimators': 100}",0.8064720353085884,0.82861077887717,0.8269000761117755,0.8379906491247145,0.8391492576343087,0.8278245594113114,0.011738835256360861,43
1.5879554748535156,0.15420396176606002,0.054597902297973636,0.005955783368426576,True,balanced,10,log2,2,2,300,"{'bootstrap': True, 'class_weight': 'balanced', 'max_depth': 10, 'max_features': 'log2', 'min_samples_leaf': 2, 'min_samples_split': 2, 'n_estimators': 300}",0.8102778380724984,0.818107353847269,0.8318582146352071,0.8449095719618716,0.8459772786704245,0.8302260514374542,0.014220864522073976,29
0.5698635101318359,0.04092523676574803,0.023528432846069335,0.004056714697379036,True,balanced,10,log2,2,5,100,"{'bootstrap': True, 'class_weight': 'balanced', 'max_depth': 10, 'max_features': 'log2', 'min_samples_leaf': 2, 'min_samples_split': 5, 'n_estimators': 100}",0.8124701541133059,0.8183320648037403,0.8289732159037367,0.834293791453735,0.8373042391841241,0.8262746930917284,0.009453988485699366,53
1.4654587745666503,0.11700051120084139,0.05283346176147461,0.002770389909585124,True,balanced,10,log2,2,5,300,"{'bootstrap': True, 'class_weight': 'balanced', 'max_depth': 10, 'max_features': 'log2', 'min_samples_leaf': 2, 'min_samples_split': 5, 'n_estimators': 300}",0.8161601910136749,0.8192562792214853,0.8319705701134428,0.8370664347069696,0.8400717668594009,0.8289050483829946,0.009552291740066643,35
0.817228364944458,0.05798366544322445,0.027869987487792968,0.0048462945403305886,True,balanced,20,sqrt,1,2,100,"{'bootstrap': True, 'class_weight': 'balanced', 'max_depth': 20, 'max_features': 'sqrt', 'min_samples_leaf': 1, 'min_samples_split': 2, 'n_estimators': 100}",0.799084726141379,0.814936029864811,0.8291363125656916,0.8421876698923563,0.8187814161606183,0.8208252309249712,0.014400953390920656,73
2.267325019836426,0.0837636770213254,0.06576857566833497,0.007078653725518338,True,balanced,20,sqrt,1,2,300,"{'bootstrap': True, 'class_weight': 'balanced', 'max_depth': 20, 'max_features': 'sqrt', 'min_samples_leaf': 1, 'min_samples_split': 2, 'n_estimators': 300}",0.8078503726213733,0.8305099488963792,0.8252147439382407,0.8431118843101011,0.8254859517099108,0.8264345802952009,0.011335799665091309,52
0.720225715637207,0.0340365534231881,0.02389082908630371,0.0019673650114130133,True,balanced,20,sqrt,1,5,100,"{'bootstrap': True, 'class_weight': 'balanced', 'max_depth': 20, 'max_features': 'sqrt', 'min_samples_leaf': 1, 'min_samples_split': 5, 'n_estimators': 100}",0.8121192388394471,0.8156101627342249,0.8331702366713784,0.8389402341343191,0.8358224133422436,0.8271324571443227,0.011041319759226474,47
2.0529085636138915,0.05387869088753421,0.057979154586791995,0.002438358482301178,True,balanced,20,sqrt,1,5,300,"{'bootstrap': True, 'class_weight': 'balanced', 'max_depth': 20, 'max_features': 'sqrt', 'min_samples_leaf': 1, 'min_samples_split': 5, 'n_estimators': 300}",0.8132732797916215,0.8262259432423616,0.8440107281359863,0.8444855206407886,0.8300403870180435,0.8316071717657604,0.011723856960594737,20
0.674738883972168,0.023162406129648292,0.02300601005554199,0.0029814720946935674,True,balanced,20,sqrt,2,2,100,"{'bootstrap': True, 'class_weight': 'balanced', 'max_depth': 20, 'max_features': 'sqrt', 'min_samples_leaf': 2, 'min_samples_split': 2, 'n_estimators': 100}",0.8174263801461543,0.825526439781088,0.8367293682722627,0.8498930810771628,0.8398829067030829,0.8338916351959501,0.011323210249373748,7
2.022263288497925,0.04667535502047358,0.05724244117736817,0.0019419766453338788,True,balanced,20,sqrt,2,2,300,"{'bootstrap': True, 'class_weight': 'balanced', 'max_depth': 20, 'max_features': 'sqrt', 'min_samples_leaf': 2, 'min_samples_split': 2, 'n_estimators': 300}",0.8174263801461543,0.8324453626182451,0.8434235801529484,0.8448225870754956,0.8293648487665979,0.8334965517518882,0.010032460840871898,8
0.6733086109161377,0.03269414536945434,0.0269411563873291,0.010537371520201658,True,balanced,20,sqrt,2,5,100,"{'bootstrap': True, 'class_weight': 'balanced', 'max_depth': 20, 'max_features': 'sqrt', 'min_samples_leaf': 2, 'min_samples_split': 5, 'n_estimators': 100}",0.8203096736849722,0.8257511507375593,0.8367293682722627,0.845047298031967,0.839083882964814,0.833384274738315,0.009043351942169308,9
1.963857889175415,0.04487238032567508,0.05958881378173828,0.0017656597381283522,True,balanced,20,sqrt,2,5,300,"{'bootstrap': True, 'class_weight': 'balanced', 'max_depth': 20, 'max_features': 'sqrt', 'min_samples_leaf': 2, 'min_samples_split': 5, 'n_estimators': 300}",0.8213479487736053,0.8286361494690297,0.8424993657352036,0.8457468014932406,0.8468344132260219,0.8370129357394201,0.01018238783373689,1
0.6368452548980713,0.02210226891268088,0.02489748001098633,0.0016930187784093482,True,balanced,20,log2,1,2,100,"{'bootstrap': True, 'class_weight': 'balanced', 'max_depth': 20, 'max_features': 'log2', 'min_samples_leaf': 1, 'min_samples_split': 2, 'n_estimators': 100}",0.8069278633962811,0.8177086731180457,0.8291363125656916,0.8266137508607879,0.8023578464131098,0.8165488892707833,0.010536029601986598,82
1.9053523540496826,0.03432208580560551,0.06607880592346191,0.001683152608764912,True,balanced,20,log2,1,2,300,"{'bootstrap': True, 'class_weight': 'balanced', 'max_depth': 20, 'max_features': 'log2', 'min_samples_leaf': 1, 'min_samples_split': 2, 'n_estimators': 300}",0.7959699008754794,0.8187452430140263,0.8271755282519662,0.8363053169511798,0.8097379202138478,0.8175867818612998,0.013946783272238306,81
0.585550594329834,0.015850178460821613,0.024157285690307617,0.0009327450886200153,True,balanced,20,log2,1,5,100,"{'bootstrap': True, 'class_weight': 'balanced', 'max_depth': 20, 'max_features': 'log2', 'min_samples_leaf': 1, 'min_samples_split': 5, 'n_estimators': 100}",0.8151182982418059,0.8235656554673625,0.8230038780761842,0.8435613062230437,0.8230888804951042,0.8256676037007,0.009482993932008948,56
1.908236598968506,0.12931729132431471,0.12849526405334472,0.07886416363469738,True,balanced,20,log2,1,5,300,"{'bootstrap': True, 'class_weight': 'balanced', 'max_depth': 20, 'max_features': 'log2', 'min_samples_leaf': 1, 'min_samples_split': 5, 'n_estimators': 300}",0.807275160986904,0.8224167300931464,0.8405385814214781,0.848294733790004,0.8270258883691199,0.8291102189321304,0.01431481792915857,33
0.5941171646118164,0.047691728846329814,0.02575969696044922,0.002695671602566129,True,balanced,20,log2,2,2,100,"{'bootstrap': True, 'class_weight': 'balanced', 'max_depth': 20, 'max_features': 'log2', 'min_samples_leaf': 2, 'min_samples_split': 2, 'n_estimators': 100}",0.804048187540699,0.8166213620383458,0.8367293682722627,0.845047298031967,0.8363163552895372,0.8277525142345624,0.01509192155991252,44
2.3233290195465086,0.1501725361960337,0.06528654098510742,0.004169748384163704,True,balanced,20,log2,2,2,300,"{'bootstrap': True, 'class_weight': 'balanced', 'max_depth': 20, 'max_features': 'log2', 'min_samples_leaf': 2, 'min_samples_split': 2, 'n_estimators': 300}",0.8098147746183344,0.8326700735747163,0.8378782936464789,0.8457468014932406,0.8343478513525293,0.8320915589370598,0.012013597313864186,19
0.7266127586364746,0.09511654421532227,0.02582836151123047,0.003362860936390854,True,balanced,20,log2,2,5,100,"{'bootstrap': True, 'class_weight': 'balanced', 'max_depth': 20, 'max_features': 'log2', 'min_samples_leaf': 2, 'min_samples_split': 5, 'n_estimators': 100}",0.8213479487736053,0.8265630096770686,0.8360298648109891,0.8383530861512812,0.832255861928698,0.8309099542683285,0.006224998634260349,25
1.7918829917907715,0.039869463955865235,0.06677250862121582,0.00436205357893734,True,balanced,20,log2,2,5,300,"{'bootstrap': True, 'class_weight': 'balanced', 'max_depth': 20, 'max_features': 'log2', 'min_samples_leaf': 2, 'min_samples_split': 5, 'n_estimators': 300}",0.8117755589320599,0.8278242905295204,0.8388025080642239,0.8393896560472618,0.8460353894877531,0.8327654806121638,0.012011728050435013,11
0.7650367736816406,0.021033606310825362,0.026691961288452148,0.00407580250106633,True,balanced,,sqrt,1,2,100,"{'bootstrap': True, 'class_weight': 'balanced', 'max_depth': None, 'max_features': 'sqrt', 'min_samples_leaf': 1, 'min_samples_split': 2, 'n_estimators': 100}",0.7998914695029303,0.8089413214453989,0.8320213112971622,0.8352687470551992,0.8051253740883866,0.8162496446778154,0.014527371426805042,83
2.2914499759674074,0.025248483988028245,0.06822476387023926,0.00833264548214478,True,balanced,,sqrt,1,2,300,"{'bootstrap': True, 'class_weight': 'balanced', 'max_depth': None, 'max_features': 'sqrt', 'min_samples_leaf': 1, 'min_samples_split': 2, 'n_estimators': 300}",0.8001230012300122,0.8233663151027509,0.8214055307890253,0.8488818817730419,0.8254859517099108,0.8238525361209481,0.015481933098753476,61
0.7220497608184815,0.013132913355881223,0.025090360641479494,0.0033028909287314647,True,balanced,,sqrt,1,5,100,"{'bootstrap': True, 'class_weight': 'balanced', 'max_depth': None, 'max_features': 'sqrt', 'min_samples_leaf': 1, 'min_samples_split': 5, 'n_estimators': 100}",0.8102742203892628,0.8195317313616759,0.8393896560472618,0.8455220905367693,0.8351468750907982,0.8299729146851534,0.013071179135655028,30
2.2208908557891847,0.045755122681692115,0.06679110527038574,0.009079040250404596,True,balanced,,sqrt,1,5,300,"{'bootstrap': True, 'class_weight': 'balanced', 'max_depth': None, 'max_features': 'sqrt', 'min_samples_leaf': 1, 'min_samples_split': 5, 'n_estimators': 300}",0.8171948484190724,0.8319959407053025,0.8294733790003987,0.8435613062230437,0.8224133422436587,0.8289277633182952,0.00898833645193467,34
0.7443410396575928,0.0204210187980954,0.022687721252441406,0.0018392942321919484,True,balanced,,sqrt,2,2,100,"{'bootstrap': True, 'class_weight': 'balanced', 'max_depth': None, 'max_features': 'sqrt', 'min_samples_leaf': 2, 'min_samples_split': 2, 'n_estimators': 100}",0.8192713985963389,0.8287485049472654,0.8278496611213801,0.8409010184480447,0.8254278408925821,0.8284396848011223,0.007054884970677714,39
2.1702871799468992,0.09180738911388232,0.06099114418029785,0.004064125933919911,True,balanced,,sqrt,2,2,300,"{'bootstrap': True, 'class_weight': 'balanced', 'max_depth': None, 'max_features': 'sqrt', 'min_samples_leaf': 2, 'min_samples_split': 2, 'n_estimators': 300}",0.8269987699876998,0.8273748686165778,0.8472327933021637,0.8449349425537314,0.8275198303164134,0.8348122409553171,0.009233453276478237,4
0.7330169200897216,0.021383890425500287,0.028368806838989256,0.002732857541776056,True,balanced,,sqrt,2,5,100,"{'bootstrap': True, 'class_weight': 'balanced', 'max_depth': None, 'max_features': 'sqrt', 'min_samples_leaf': 2, 'min_samples_split': 5, 'n_estimators': 100}",0.8165038709210621,0.8308216447392266,0.8388025080642239,0.8497807255989271,0.8263503501176744,0.8324518198882227,0.011268049468082419,13
1.984657621383667,0.037070898227084294,0.06747183799743653,0.008048969767845625,True,balanced,,sqrt,2,5,300,"{'bootstrap': True, 'class_weight': 'balanced', 'max_depth': None, 'max_features': 'sqrt', 'min_samples_leaf': 2, 'min_samples_split': 5, 'n_estimators': 300}",0.8211164170465234,0.8270124315900113,0.8367293682722627,0.8553260121053967,0.8440668855507453,0.8368502229129879,0.012147299262895818,2
0.6321506500244141,0.013575991282503402,0.02546229362487793,0.002861593648893218,True,balanced,,log2,1,2,100,"{'bootstrap': True, 'class_weight': 'balanced', 'max_depth': None, 'max_features': 'log2', 'min_samples_leaf': 1, 'min_samples_split': 2, 'n_estimators': 100}",0.7863975110339338,0.8166721032220652,0.8289116016092204,0.8244282555905911,0.8115829386640323,0.8135984820239685,0.01486726613767589,89
2.170677137374878,0.09519054178676002,0.07024340629577637,0.011413471610845088,True,balanced,,log2,1,2,300,"{'bootstrap': True, 'class_weight': 'balanced', 'max_depth': None, 'max_features': 'log2', 'min_samples_leaf': 1, 'min_samples_split': 2, 'n_estimators': 300}",0.7912415888864771,0.8196694574317713,0.8211808198325541,0.8333079627414737,0.8136749280878636,0.8158149513960279,0.013842579612015009,87
0.7820169448852539,0.08040894649930239,0.028191471099853517,0.004822262509166338,True,balanced,,log2,1,5,100,"{'bootstrap': True, 'class_weight': 'balanced', 'max_depth': None, 'max_features': 'log2', 'min_samples_leaf': 1, 'min_samples_split': 5, 'n_estimators': 100}",0.8131575139280804,0.8310717262875575,0.8295857344786344,0.8495560146424559,0.8279483975942121,0.8302638773861881,0.011586959696081756,28
1.860469150543213,0.10610467902009607,0.07047147750854492,0.005169141242303425,True,balanced,,log2,1,5,300,"{'bootstrap': True, 'class_weight': 'balanced', 'max_depth': None, 'max_features': 'log2', 'min_samples_leaf': 1, 'min_samples_split': 5, 'n_estimators': 300}",0.818808335142175,0.8263382987205974,0.841125729404516,0.837791308760103,0.8249338989452886,0.829799514194536,0.008349996079433925,32
0.584515380859375,0.011301781005792069,0.024364948272705078,0.003924829260882949,True,balanced,,log2,2,2,100,"{'bootstrap': True, 'class_weight': 'balanced', 'max_depth': None, 'max_features': 'log2', 'min_samples_leaf': 2, 'min_samples_split': 2, 'n_estimators': 100}",0.8078539903046089,0.8250516472762857,0.8291109419738321,0.8422746547787322,0.82450533166749,0.8257593132001897,0.011015114812215608,54
1.8126695156097412,0.09776220600477119,0.07333965301513672,0.012880617017957926,True,balanced,,log2,2,2,300,"{'bootstrap': True, 'class_weight': 'balanced', 'max_depth': None, 'max_features': 'log2', 'min_samples_leaf': 2, 'min_samples_split': 2, 'n_estimators': 300}",0.8185804210983286,0.8325577180964807,0.836954079228734,0.844123083614222,0.8293648487665979,0.8323160301608727,0.008465847286660807,15
0.6137536048889161,0.061258749231859325,0.034345054626464845,0.016846078012313373,True,balanced,,log2,2,5,100,"{'bootstrap': True, 'class_weight': 'balanced', 'max_depth': None, 'max_features': 'log2', 'min_samples_leaf': 2, 'min_samples_split': 5, 'n_estimators': 100}",0.8106215179798857,0.8240150773803052,0.8321082961835381,0.8490812221376536,0.8286893105151524,0.828903084839307,0.012454594395712207,36
1.8009489536285401,0.08808964842634444,0.06111941337585449,0.002032293123196398,True,balanced,,log2,2,5,300,"{'bootstrap': True, 'class_weight': 'balanced', 'max_depth': None, 'max_features': 'log2', 'min_samples_leaf': 2, 'min_samples_split': 5, 'n_estimators': 300}",0.8195029303234209,0.8162842956036389,0.8399514334384401,0.8451596535102026,0.8363163552895372,0.8314429336330479,0.011459853382213732,21
0.5765681743621827,0.023902117043093616,0.021595478057861328,0.001323310634364892,True,,10,sqrt,1,2,100,"{'bootstrap': True, 'class_weight': None, 'max_depth': 10, 'max_features': 'sqrt', 'min_samples_leaf': 1, 'min_samples_split': 2, 'n_estimators': 100}",0.7981622169162867,0.8081294625058896,0.8271755282519662,0.8491065927295132,0.8236409332597263,0.8212429467326764,0.017447132649964774,72
1.6601908206939697,0.034092142084990285,0.049674272537231445,0.002096080300566974,True,,10,sqrt,1,2,300,"{'bootstrap': True, 'class_weight': None, 'max_depth': 10, 'max_features': 'sqrt', 'min_samples_leaf': 1, 'min_samples_split': 2, 'n_estimators': 300}",0.80300629476883,0.8158602442825559,0.8301728824616723,0.8393026711608857,0.8197039253857106,0.821609203611931,0.012402775699513922,70
0.5437402248382568,0.014502218708642,0.019002580642700197,0.0007788088713366289,True,,10,sqrt,1,5,100,"{'bootstrap': True, 'class_weight': None, 'max_depth': 10, 'max_features': 'sqrt', 'min_samples_leaf': 1, 'min_samples_split': 5, 'n_estimators': 100}",0.8159250416033572,0.8127505345946142,0.8309847414011815,0.8403392410568664,0.8216724293227184,0.8243343975957474,0.010122957199038073,59
1.6400497913360597,0.06371406268661399,0.05042862892150879,0.003670662831880529,True,,10,sqrt,1,5,300,"{'bootstrap': True, 'class_weight': None, 'max_depth': 10, 'max_features': 'sqrt', 'min_samples_leaf': 1, 'min_samples_split': 5, 'n_estimators': 300}",0.8069278633962811,0.8158602442825559,0.8321336667753978,0.8461092385198072,0.8187814161606183,0.823962485826932,0.013710689371562562,60
0.547504472732544,0.022464601874131955,0.02139434814453125,0.0026340448994443258,True,,10,sqrt,2,2,100,"{'bootstrap': True, 'class_weight': None, 'max_depth': 10, 'max_features': 'sqrt', 'min_samples_leaf': 2, 'min_samples_split': 2, 'n_estimators': 100}",0.8018522538166558,0.8218549527019681,0.836867094342358,0.8393026711608857,0.8128759043495947,0.8225505752742924,0.014199289378330735,64
1.6495982170104981,0.05377746044483532,0.0482276439666748,0.0018717645001032517,True,,10,sqrt,2,2,300,"{'bootstrap': True, 'class_weight': None, 'max_depth': 10, 'max_features': 'sqrt', 'min_samples_leaf': 2, 'min_samples_split': 2, 'n_estimators': 300}",0.8049670790825556,0.8138994599688304,0.8321336667753978,0.8393026711608857,0.8207499200976262,0.8222105594170591,0.012321962496411052,65
0.5380585670471192,0.020406009022983288,0.018235445022583008,0.002031670555752783,True,,10,sqrt,2,5,100,"{'bootstrap': True, 'class_weight': None, 'max_depth': 10, 'max_features': 'sqrt', 'min_samples_leaf': 2, 'min_samples_split': 5, 'n_estimators': 100}",0.8000072353664713,0.8178210285962815,0.8369794498205936,0.8432242397883367,0.8088154109887555,0.8213694729120877,0.016418546434394582,71
1.688835334777832,0.10180126743920855,0.05072026252746582,0.002028539269079081,True,,10,sqrt,2,5,300,"{'bootstrap': True, 'class_weight': None, 'max_depth': 10, 'max_features': 'sqrt', 'min_samples_leaf': 2, 'min_samples_split': 5, 'n_estimators': 300}",0.8039288039939223,0.8159725997607916,0.836867094342358,0.8374542423253959,0.8225949385478106,0.8233635357940556,0.012757896232041028,63
0.5019631862640381,0.038478229206587895,0.02400236129760742,0.006657422734733972,True,,10,log2,1,2,100,"{'bootstrap': True, 'class_weight': None, 'max_depth': 10, 'max_features': 'log2', 'min_samples_leaf': 1, 'min_samples_split': 2, 'n_estimators': 100}",0.7921640981115694,0.8166721032220652,0.8155231778478489,0.822692182233337,0.8068469070517477,0.8107796936933136,0.010593731399522749,92
1.4337570667266846,0.08734174931595741,0.05320229530334473,0.004721965107900036,True,,10,log2,1,2,300,"{'bootstrap': True, 'class_weight': None, 'max_depth': 10, 'max_features': 'log2', 'min_samples_leaf': 1, 'min_samples_split': 2, 'n_estimators': 300}",0.7902033137978439,0.8156355333260845,0.8262513138342213,0.8314595339059838,0.80776941627684,0.8142638222281947,0.014576415341463476,88
0.465535306930542,0.030534215286381932,0.022013473510742187,0.0030607149705936328,True,,10,log2,1,5,100,"{'bootstrap': True, 'class_weight': None, 'max_depth': 10, 'max_features': 'log2', 'min_samples_leaf': 1, 'min_samples_split': 5, 'n_estimators': 100}",0.7870884885319441,0.813674749012359,0.818520532057555,0.8207313979196115,0.800941395240724,0.8081913125524387,0.01258495192424272,95
1.3670363426208496,0.03978307357289983,0.05659465789794922,0.006248780763455904,True,,10,log2,1,5,300,"{'bootstrap': True, 'class_weight': None, 'max_depth': 10, 'max_features': 'log2', 'min_samples_leaf': 1, 'min_samples_split': 5, 'n_estimators': 300}",0.7903190796613848,0.803171323982458,0.8282120981479468,0.8315718893842194,0.8048784031147398,0.8116305588581497,0.01577297382099248,91
0.45276527404785155,0.01607890398993823,0.020678234100341798,0.0015924295374253885,True,,10,log2,2,2,100,"{'bootstrap': True, 'class_weight': None, 'max_depth': 10, 'max_features': 'log2', 'min_samples_leaf': 2, 'min_samples_split': 2, 'n_estimators': 100}",0.7892808045727516,0.8129752455510855,0.8203689608930449,0.8254648254865717,0.8109074004125868,0.8117994473832081,0.012405213772099756,90
1.4710944652557374,0.08981573129293294,0.05122165679931641,0.00331404625036911,True,,10,log2,2,2,300,"{'bootstrap': True, 'class_weight': None, 'max_depth': 10, 'max_features': 'log2', 'min_samples_leaf': 2, 'min_samples_split': 2, 'n_estimators': 300}",0.7833984516315751,0.8088289659671632,0.81759631763981,0.8218803232938277,0.7998954005288084,0.806319891812237,0.013727685665540756,96
0.4732555866241455,0.015135237032939295,0.02180614471435547,0.0022771269827362465,True,,10,log2,2,5,100,"{'bootstrap': True, 'class_weight': None, 'max_depth': 10, 'max_features': 'log2', 'min_samples_leaf': 2, 'min_samples_split': 5, 'n_estimators': 100}",0.7971239418276536,0.8079047515494183,0.8232539596245152,0.8248776775035338,0.7959583926547926,0.8098237446319828,0.012362904843263628,93
1.3996267795562745,0.07972018701751706,0.047402238845825194,0.0022946644202114707,True,,10,log2,2,5,300,"{'bootstrap': True, 'class_weight': None, 'max_depth': 10, 'max_features': 'log2', 'min_samples_leaf': 2, 'min_samples_split': 5, 'n_estimators': 300}",0.7853592359453005,0.8069805371316734,0.8184081765793194,0.8324961038019644,0.8037089229160008,0.8093905952748518,0.015689342300759437,94
0.7953952312469482,0.053194399098709245,0.025093889236450194,0.003484396246850712,True,,20,sqrt,1,2,100,"{'bootstrap': True, 'class_weight': None, 'max_depth': 20, 'max_features': 'sqrt', 'min_samples_leaf': 1, 'min_samples_split': 2, 'n_estimators': 100}",0.8129259822009984,0.8307346598528507,0.8398644485520641,0.8412634554746112,0.8245634424848185,0.8298703977130686,0.01044707382205055,31
2.172986650466919,0.05965404184287536,0.06081500053405762,0.002629106401373278,True,,20,sqrt,1,2,300,"{'bootstrap': True, 'class_weight': None, 'max_depth': 20, 'max_features': 'sqrt', 'min_samples_leaf': 1, 'min_samples_split': 2, 'n_estimators': 300}",0.8194993126401853,0.8237033815374579,0.832945525714907,0.8498060961907868,0.8295464450707499,0.8311001522308175,0.010440531064713734,24
0.7504017353057861,0.01289213790594773,0.026420116424560547,0.0021421096677018553,True,,20,sqrt,1,5,100,"{'bootstrap': True, 'class_weight': None, 'max_depth': 20, 'max_features': 'sqrt', 'min_samples_leaf': 1, 'min_samples_split': 5, 'n_estimators': 100}",0.8117719412488242,0.8219673081802037,0.8389402341343191,0.8500308071472582,0.8208734055844495,0.828716739259011,0.013805855424669417,38
2.0658342361450197,0.04917254861911844,0.06053600311279297,0.004554635975335861,True,,20,sqrt,1,5,300,"{'bootstrap': True, 'class_weight': None, 'max_depth': 20, 'max_features': 'sqrt', 'min_samples_leaf': 1, 'min_samples_split': 5, 'n_estimators': 300}",0.8176542941900007,0.8267007357471639,0.8350186655068681,0.851879235982748,0.8294229595839265,0.8321351782021414,0.011355418205270789,18
0.6790315628051757,0.01843300305038724,0.023120880126953125,0.0030066753017198517,True,,20,sqrt,2,2,100,"{'bootstrap': True, 'class_weight': None, 'max_depth': 20, 'max_features': 'sqrt', 'min_samples_leaf': 2, 'min_samples_split': 2, 'n_estimators': 100}",0.8098111569350988,0.8209307382842231,0.8312094523576529,0.8441484542060818,0.817858906935526,0.8247917417437165,0.011859669424355677,58
2.20032320022583,0.12308871479507119,0.06327996253967286,0.0030864390706679436,True,,20,sqrt,2,2,300,"{'bootstrap': True, 'class_weight': None, 'max_depth': 20, 'max_features': 'sqrt', 'min_samples_leaf': 2, 'min_samples_split': 2, 'n_estimators': 300}",0.810849432023732,0.825439454894712,0.8350186655068681,0.8538400202964735,0.8313914635209344,0.831307807248544,0.01396037799209243,22
0.6843759059906006,0.01784368252081208,0.02563633918762207,0.0022646190642356644,True,,20,sqrt,2,5,100,"{'bootstrap': True, 'class_weight': None, 'max_depth': 20, 'max_features': 'sqrt', 'min_samples_leaf': 2, 'min_samples_split': 5, 'n_estimators': 100}",0.8088886477100066,0.8201188793447138,0.8360552354028488,0.8500308071472582,0.8286239358456576,0.828743501090097,0.013965847318906405,37
2.0513628482818604,0.09041049840944307,0.060489225387573245,0.004688491542184168,True,,20,sqrt,2,5,300,"{'bootstrap': True, 'class_weight': None, 'max_depth': 20, 'max_features': 'sqrt', 'min_samples_leaf': 2, 'min_samples_split': 5, 'n_estimators': 300}",0.814655234787642,0.8245152404769671,0.8320213112971622,0.8450726686238266,0.8197039253857106,0.8271936761142618,0.010615529463538796,46
0.640880823135376,0.03191945297203363,0.025534868240356445,0.0023659757078371827,True,,20,log2,1,2,100,"{'bootstrap': True, 'class_weight': None, 'max_depth': 20, 'max_features': 'log2', 'min_samples_leaf': 1, 'min_samples_split': 2, 'n_estimators': 100}",0.8049670790825556,0.8223297452067704,0.825102388460005,0.8383784567431409,0.8186579306737949,0.8218871200332533,0.010763024707504034,67
2.1599248886108398,0.2199094338934577,0.07713603973388672,0.00901033312938439,True,,20,log2,1,2,300,"{'bootstrap': True, 'class_weight': None, 'max_depth': 20, 'max_features': 'log2', 'min_samples_leaf': 1, 'min_samples_split': 2, 'n_estimators': 300}",0.8087728818464656,0.825439454894712,0.8262513138342213,0.844036098727846,0.8232704767992562,0.8255540452205002,0.011215237360229011,57
0.6387260437011719,0.05236095415653508,0.0277252197265625,0.002509261673193125,True,,20,log2,1,5,100,"{'bootstrap': True, 'class_weight': None, 'max_depth': 20, 'max_features': 'log2', 'min_samples_leaf': 1, 'min_samples_split': 5, 'n_estimators': 100}",0.8009297445915635,0.8099778913413794,0.8184081765793194,0.8391903156826501,0.8109074004125868,0.8158827057214998,0.012906077851065128,85
1.9118794918060302,0.07629183363665394,0.07036690711975098,0.010071649473185158,True,,20,log2,1,5,300,"{'bootstrap': True, 'class_weight': None, 'max_depth': 20, 'max_features': 'log2', 'min_samples_leaf': 1, 'min_samples_split': 5, 'n_estimators': 300}",0.8048513132190145,0.8166721032220652,0.8300605269834367,0.844960313145591,0.8119533951245024,0.8216995303389218,0.014248472737954857,68
0.6608476638793945,0.054658941506532936,0.028280973434448242,0.004183230214280346,True,,20,log2,2,2,100,"{'bootstrap': True, 'class_weight': None, 'max_depth': 20, 'max_features': 'log2', 'min_samples_leaf': 2, 'min_samples_split': 2, 'n_estimators': 100}",0.8078503726213733,0.8148236743865753,0.8312094523576529,0.8393026711608857,0.8098614057006712,0.8206095152454317,0.012438539131214454,75
1.8454751014709472,0.11424072043440923,0.07259140014648438,0.011058678359387418,True,,20,log2,2,2,300,"{'bootstrap': True, 'class_weight': None, 'max_depth': 20, 'max_features': 'log2', 'min_samples_leaf': 2, 'min_samples_split': 2, 'n_estimators': 300}",0.8125786846103755,0.8168968141785364,0.829023957087456,0.844960313145591,0.8147209227997791,0.8236361383643477,0.012090623335953416,62
0.5797815322875977,0.03679459751910293,0.024593210220336913,0.0017680407880568036,True,,20,log2,2,5,100,"{'bootstrap': True, 'class_weight': None, 'max_depth': 20, 'max_features': 'log2', 'min_samples_leaf': 2, 'min_samples_split': 5, 'n_estimators': 100}",0.8001230012300122,0.8180457395527527,0.8241781740422601,0.8381537457866696,0.8115829386640323,0.8184167198551453,0.01268260919416977,80
1.7265043258666992,0.12953032054876149,0.06976990699768067,0.016713067089542403,True,,20,log2,2,5,300,"{'bootstrap': True, 'class_weight': None, 'max_depth': 20, 'max_features': 'log2', 'min_samples_leaf': 2, 'min_samples_split': 5, 'n_estimators': 300}",0.7971239418276536,0.8217425972237324,0.8307600304447103,0.8382661012649053,0.8157669175116948,0.8207319176545391,0.014078493266449145,74
0.8295362949371338,0.040996920544626905,0.03055272102355957,0.006222231513957344,True,,,sqrt,1,2,100,"{'bootstrap': True, 'class_weight': None, 'max_depth': None, 'max_features': 'sqrt', 'min_samples_leaf': 1, 'min_samples_split': 2, 'n_estimators': 100}",0.8099269227986398,0.8196694574317713,0.8367547388641223,0.847957667355297,0.8267789173954732,0.8282175407690607,0.013207894765231274,40
3.188720369338989,0.3572760575580096,0.10051403045654297,0.033030738976602705,True,,,sqrt,1,2,300,"{'bootstrap': True, 'class_weight': None, 'max_depth': None, 'max_features': 'sqrt', 'min_samples_leaf': 1, 'min_samples_split': 2, 'n_estimators': 300}",0.8126944504739165,0.8255518103729478,0.837791308760103,0.8480700228335327,0.8285004503588342,0.8305216085598669,0.01189442663128646,27
1.0894915103912353,0.11861234572695088,0.045862579345703126,0.020046985387449385,True,,,sqrt,1,5,100,"{'bootstrap': True, 'class_weight': None, 'max_depth': None, 'max_features': 'sqrt', 'min_samples_leaf': 1, 'min_samples_split': 5, 'n_estimators': 100}",0.814655234787642,0.8210430937624588,0.8351310209851038,0.8519915914609837,0.8303454688090188,0.8306332819610415,0.01283557227858568,26
3.197675895690918,0.5254250382684409,0.08901939392089844,0.04557508736428363,True,,,sqrt,1,5,300,"{'bootstrap': True, 'class_weight': None, 'max_depth': None, 'max_features': 'sqrt', 'min_samples_leaf': 1, 'min_samples_split': 5, 'n_estimators': 300}",0.8078503726213733,0.8150483853430467,0.8398644485520641,0.850955021565003,0.8256094371967342,0.8278655330556441,0.0157928739875602,42
1.0213750839233398,0.33734105838139006,0.028299283981323243,0.005306372116481343,True,,,sqrt,2,2,100,"{'bootstrap': True, 'class_weight': None, 'max_depth': None, 'max_features': 'sqrt', 'min_samples_leaf': 2, 'min_samples_split': 2, 'n_estimators': 100}",0.8117719412488242,0.8217425972237324,0.832945525714907,0.8461092385198072,0.8199508963593574,0.8265040398133257,0.01190383391783809,51
2.474114751815796,0.14026041026134017,0.06309552192687988,0.003696760042968339,True,,,sqrt,2,2,300,"{'bootstrap': True, 'class_weight': None, 'max_depth': None, 'max_features': 'sqrt', 'min_samples_leaf': 2, 'min_samples_split': 2, 'n_estimators': 300}",0.807043629259822,0.8159725997607916,0.8330578811931426,0.8461092385198072,0.8265319464218264,0.8257430590310779,0.013520656653191885,55
0.822993803024292,0.12486007861253606,0.028854990005493165,0.004793277460088791,True,,,sqrt,2,5,100,"{'bootstrap': True, 'class_weight': None, 'max_depth': None, 'max_features': 'sqrt', 'min_samples_leaf': 2, 'min_samples_split': 5, 'n_estimators': 100}",0.81061790029665,0.8285491645826537,0.8310970968794171,0.8412634554746112,0.822718424034634,0.8268492082535932,0.0100918151836374,49
2.0526378631591795,0.06975668878904728,0.0670241355895996,0.011575701034408668,True,,,sqrt,2,5,300,"{'bootstrap': True, 'class_weight': None, 'max_depth': None, 'max_features': 'sqrt', 'min_samples_leaf': 2, 'min_samples_split': 5, 'n_estimators': 300}",0.8098111569350988,0.8141241709253018,0.832945525714907,0.8500308071472582,0.8274544556469187,0.8268732232738968,0.014332737508201823,48
0.6593534469604492,0.023804681495486906,0.025841379165649415,0.0025197244881614666,True,,,log2,1,2,100,"{'bootstrap': True, 'class_weight': None, 'max_depth': None, 'max_features': 'log2', 'min_samples_leaf': 1, 'min_samples_split': 2, 'n_estimators': 100}",0.7942406482888358,0.8157478888043203,0.8270631727737305,0.8284621796962778,0.813798413574687,0.8158624606275703,0.012296219410389062,86
2.1997130870819093,0.08716632140153456,0.07177047729492188,0.007530480111816842,True,,,log2,1,2,300,"{'bootstrap': True, 'class_weight': None, 'max_depth': None, 'max_features': 'log2', 'min_samples_leaf': 1, 'min_samples_split': 2, 'n_estimators': 300}",0.8086571159829246,0.808017107027654,0.8280997426697112,0.8381537457866696,0.8107839149257634,0.8187423252785446,0.012201987992001267,79
0.6782129287719727,0.11263589697463437,0.028250837326049806,0.005723172217223338,True,,,log2,1,5,100,"{'bootstrap': True, 'class_weight': None, 'max_depth': None, 'max_features': 'log2', 'min_samples_leaf': 1, 'min_samples_split': 5, 'n_estimators': 100}",0.81061790029665,0.8208183828059874,0.8232539596245152,0.8403392410568664,0.8148444082866025,0.8219747784141243,0.010198508736661714,66
1.938420057296753,0.09817081869475484,0.06925845146179199,0.006305671562114158,True,,,log2,1,5,300,"{'bootstrap': True, 'class_weight': None, 'max_depth': None, 'max_features': 'log2', 'min_samples_leaf': 1, 'min_samples_split': 5, 'n_estimators': 300}",0.8060053541711888,0.8129752455510855,0.8330578811931426,0.8381537457866696,0.817858906935526,0.8216102267275225,0.01213988602272079,69
0.6058356285095214,0.031662790873323875,0.026784276962280272,0.0029207540196673353,True,,,log2,2,2,100,"{'bootstrap': True, 'class_weight': None, 'max_depth': None, 'max_features': 'log2', 'min_samples_leaf': 2, 'min_samples_split': 2, 'n_estimators': 100}",0.803122060632371,0.8215178862672611,0.833869740132652,0.829611105070494,0.8109074004125868,0.819805638503073,0.01144026514850649,76
1.774202537536621,0.04637244248681041,0.06188807487487793,0.0012138270136313036,True,,,log2,2,2,300,"{'bootstrap': True, 'class_weight': None, 'max_depth': None, 'max_features': 'log2', 'min_samples_leaf': 2, 'min_samples_split': 2, 'n_estimators': 300}",0.8049670790825556,0.8120510311333405,0.8299481715052011,0.840114530100395,0.8097379202138478,0.819363746407068,0.01338672060793539,78
0.6194169521331787,0.04429624771100347,0.02326211929321289,0.0009417970816217899,True,,,log2,2,5,100,"{'bootstrap': True, 'class_weight': None, 'max_depth': None, 'max_features': 'log2', 'min_samples_leaf': 2, 'min_samples_split': 5, 'n_estimators': 100}",0.8056580565805658,0.8137871044905948,0.8340944510891233,0.8364176724294154,0.8089388964755789,0.8197792362130556,0.012919669183768965,77
1.4839898109436036,0.05999143713866454,0.042838335037231445,0.006050668016618278,True,,,log2,2,5,300,"{'bootstrap': True, 'class_weight': None, 'max_depth': None, 'max_features': 'log2', 'min_samples_leaf': 2, 'min_samples_split': 5, 'n_estimators': 300}",0.7960856667390204,0.8129752455510855,0.8270631727737305,0.8411510999963756,0.8039558938896476,0.8162462157899719,0.016158334149756627,84
